Workbook
Name Slicer_Discount_Category: #N/A
Name Slicer_PRICE_Category: #N/A
Name Slicer_Rating_Category: #N/A

Sheet Cleaned Jumia Data
A1: Product | B1: Current price | C1: PRICE Category | D1: Old Price | E1: Discount Amount | F1: Discount | G1: Ratings | H1: Review | I1: Rating Category | J1: Discount Category
A2: 115 Piece Set Of Multifunctional Precision Screwdrivers | B2: 950 | C2: =IF(B2<=1000, "0 - 1000", IF(B2 <=2000,"1000 - 2000", IF(B2<=4000,"2000 - 4000", "Above 400"))) -> 0 - 1000 | D2: 1525 | E2: =D2-B2 -> 575 | F2: 0.38 | G2: 4.5 | H2: 2 | I2: =IF(G2<3,"Poor", IF(G2>=4.5,"Excelent","Average")) -> Excelent | J2: {=_xlfn.IFS(F2<=0.2,"Low Discount",F2<=0.4,"Medium Discount",F2>0.4,"High Discount")} -> Medium Discount
A3: Metal Decorative Hooks Key Hangers Entryway Wall Hooks Towel Hooks - Home | B3: 527 | C3: =IF(B3<=1000, "0 - 1000", IF(B3 <=2000,"1000 - 2000", IF(B3<=4000,"2000 - 4000", "Above 400"))) -> 0 - 1000 | D3: 999 | E3: =D3-B3 -> 472 | F3: 0.47 | G3: 4.1 | H3: 14 | I3: =IF(G3<3,"Poor", IF(G3>=4.5,"Excelent","Average")) -> Average | J3: {=_xlfn.IFS(F3<=0.2,"Low Discount",F3<=0.4,"Medium Discount",F3>0.4,"High Discount")} -> High Discount
A4: Portable Mini Cordless Car Vacuum Cleaner - Blue | B4: 2199 | C4: =IF(B4<=1000, "0 - 1000", IF(B4 <=2000,"1000 - 2000", IF(B4<=4000,"2000 - 4000", "Above 400"))) -> 2000 - 4000 | D4: 2923 | E4: =D4-B4 -> 724 | F4: 0.25 | G4: 4.6 | H4: 24 | I4: =IF(G4<3,"Poor", IF(G4>=4.5,"Excelent","Average")) -> Excelent | J4: {=_xlfn.IFS(F4<=0.2,"Low Discount",F4<=0.4,"Medium Discount",F4>0.4,"High Discount")} -> Medium Discount
A5: Weighing Scale Digital Bathroom Body Fat Scale USB-Black | B5: 1580 | C5: =IF(B5<=1000, "0 - 1000", IF(B5 <=2000,"1000 - 2000", IF(B5<=4000,"2000 - 4000", "Above 400"))) -> 1000 - 2000 | D5: 2499 | E5: =D5-B5 -> 919 | F5: 0.37 | G5: 4.7 | H5: 7 | I5: =IF(G5<3,"Poor", IF(G5>=4.5,"Excelent","Average")) -> Excelent | J5: {=_xlfn.IFS(F5<=0.2,"Low Discount",F5<=0.4,"Medium Discount",F5>0.4,"High Discount")} -> Medium Discount
A6: Portable Home Small Air Humidifier 3-Speed Fan - Green | B6: 1740 | C6: =IF(B6<=1000, "0 - 1000", IF(B6 <=2000,"1000 - 2000", IF(B6<=4000,"2000 - 4000", "Above 400"))) -> 1000 - 2000 | D6: 2356 | E6: =D6-B6 -> 616 | F6: 0.26 | G6: 4.8 | H6: 5 | I6: =IF(G6<3,"Poor", IF(G6>=4.5,"Excelent","Average")) -> Excelent | J6: {=_xlfn.IFS(F6<=0.2,"Low Discount",F6<=0.4,"Medium Discount",F6>0.4,"High Discount")} -> Medium Discount
A7: 220V 60W Electric Soldering Iron Kits With Tools, Tips, And Multimeter | B7: 2999 | C7: =IF(B7<=1000, "0 - 1000", IF(B7 <=2000,"1000 - 2000", IF(B7<=4000,"2000 - 4000", "Above 400"))) -> 2000 - 4000 | D7: 3290 | E7: =D7-B7 -> 291 | F7: 0.09 | G7: 4 | H7: 15 | I7: =IF(G7<3,"Poor", IF(G7>=4.5,"Excelent","Average")) -> Average | J7: {=_xlfn.IFS(F7<=0.2,"Low Discount",F7<=0.4,"Medium Discount",F7>0.4,"High Discount")} -> Low Discount
A8: 137 Pieces Cake Decorating Tool Set Baking Supplies | B8: 2319 | C8: =IF(B8<=1000, "0 - 1000", IF(B8 <=2000,"1000 - 2000", IF(B8<=4000,"2000 - 4000", "Above 400"))) -> 2000 - 4000 | D8: 3032 | E8: =D8-B8 -> 713 | F8: 0.24 | G8: 4.6 | H8: 55 | I8: =IF(G8<3,"Poor", IF(G8>=4.5,"Excelent","Average")) -> Excelent | J8: {=_xlfn.IFS(F8<=0.2,"Low Discount",F8<=0.4,"Medium Discount",F8>0.4,"High Discount")} -> Medium Discount
A9: Desk Foldable Fan Adjustable Fan Strong Wind 3 Gear Usb | B9: 988 | C9: =IF(B9<=1000, "0 - 1000", IF(B9 <=2000,"1000 - 2000", IF(B9<=4000,"2000 - 4000", "Above 400"))) -> 0 - 1000 | D9: 1580 | E9: =D9-B9 -> 592 | F9: 0.37 | G9: 4 | H9: 2 | I9: =IF(G9<3,"Poor", IF(G9>=4.5,"Excelent","Average")) -> Average | J9: {=_xlfn.IFS(F9<=0.2,"Low Discount",F9<=0.4,"Medium Discount",F9>0.4,"High Discount")} -> Medium Discount
A10: LASA FOLDING TABLE SERVING STAND | B10: 1274 | C10: =IF(B10<=1000, "0 - 1000", IF(B10 <=2000,"1000 - 2000", IF(B10<=4000,"2000 - 4000", "Above 400"))) -> 1000 - 2000 | D10: 2800 | E10: =D10-B10 -> 1526 | F10: 0.55 | G10: 4.8 | H10: 5 | I10: =IF(G10<3,"Poor", IF(G10>=4.5,"Excelent","Average")) -> Excelent | J10: {=_xlfn.IFS(F10<=0.2,"Low Discount",F10<=0.4,"Medium Discount",F10>0.4,"High Discount")} -> High Discount
A11: 13 In 1 Home Repair Tools Box Kit Set | B11: 1600 | C11: =IF(B11<=1000, "0 - 1000", IF(B11 <=2000,"1000 - 2000", IF(B11<=4000,"2000 - 4000", "Above 400"))) -> 1000 - 2000 | D11: 2929 | E11: =D11-B11 -> 1329 | F11: 0.45 | G11: 3.8 | H11: 5 | I11: =IF(G11<3,"Poor", IF(G11>=4.5,"Excelent","Average")) -> Average | J11: {=_xlfn.IFS(F11<=0.2,"Low Discount",F11<=0.4,"Medium Discount",F11>0.4,"High Discount")} -> High Discount
A12: Genebre 115 In 1 Screwdriver Repairing Tool Set For IPhone Cellphone Hand Tool | B12: 799 | C12: =IF(B12<=1000, "0 - 1000", IF(B12 <=2000,"1000 - 2000", IF(B12<=4000,"2000 - 4000", "Above 400"))) -> 0 - 1000 | D12: 999 | E12: =D12-B12 -> 200 | F12: 0.2 | G12: 4.1 | H12: 12 | I12: =IF(G12<3,"Poor", IF(G12>=4.5,"Excelent","Average")) -> Average | J12: {=_xlfn.IFS(F12<=0.2,"Low Discount",F12<=0.4,"Medium Discount",F12>0.4,"High Discount")} -> Low Discount
A13: 100 Pcs Crochet Hook Tool Set Knitting Hook Set With Box | B13: 990 | C13: =IF(B13<=1000, "0 - 1000", IF(B13 <=2000,"1000 - 2000", IF(B13<=4000,"2000 - 4000", "Above 400"))) -> 0 - 1000 | D13: 1500 | E13: =D13-B13 -> 510 | F13: 0.34 | G13: 4.7 | H13: 39 | I13: =IF(G13<3,"Poor", IF(G13>=4.5,"Excelent","Average")) -> Excelent | J13: {=_xlfn.IFS(F13<=0.2,"Low Discount",F13<=0.4,"Medium Discount",F13>0.4,"High Discount")} -> Medium Discount
... A22: 3PCS Single Head Knitting Crochet Sweater Needle Set | B22: 38 | C22: =IF(B22<=1000, "0 - 1000", IF(B22 <=2000,"1000 - 2000", IF(B22<=4000,"2000 - 4000", "Above 400"))) -> 0 - 1000 | D22: 80 | E22: =D22-B22 -> 42 | F22: 0.53 | G22: 3.3 | H22: 13 | I22: =IF(G22<3,"Poor", IF(G22>=4.5,"Excelent","Average")) -> Average | J22: {=_xlfn.IFS(F22<=0.2,"Low Discount",F22<=0.4,"Medium Discount",F22>0.4,"High Discount")} -> High Discount
A23: 4pcs Bathroom/Kitchen Towel Rack,Roll Paper Holder,Towel Bars,Hook | B23: 1860 | C23: =IF(B23<=1000, "0 - 1000", IF(B23 <=2000,"1000 - 2000", IF(B23<=4000,"2000 - 4000", "Above 400"))) -> 1000 - 2000 | D23: 3220 | E23: =D23-B23 -> 1360 | F23: 0.42 | I23: =IF(G23<3,"Poor", IF(G23>=4.5,"Excelent","Average")) -> Poor | J23: {=_xlfn.IFS(F23<=0.2,"Low Discount",F23<=0.4,"Medium Discount",F23>0.4,"High Discount")} -> High Discount
A24: LED Romantic Spaceship Starry Sky Projector,Children's Bedroom Night Light-Blue | B24: 880 | C24: =IF(B24<=1000, "0 - 1000", IF(B24 <=2000,"1000 - 2000", IF(B24<=4000,"2000 - 4000", "Above 400"))) -> 0 - 1000 | D24: 1350 | E24: =D24-B24 -> 470 | F24: 0.35 | G24: 4 | H24: 6 | I24: =IF(G24<3,"Poor", IF(G24>=4.5,"Excelent","Average")) -> Average | J24: {=_xlfn.IFS(F24<=0.2,"Low Discount",F24<=0.4,"Medium Discount",F24>0.4,"High Discount")} -> Medium Discount
A25: Foldable Overbed Table/Desk | B25: 1650 | C25: =IF(B25<=1000, "0 - 1000", IF(B25 <=2000,"1000 - 2000", IF(B25<=4000,"2000 - 4000", "Above 400"))) -> 1000 - 2000 | D25: 2150 | E25: =D25-B25 -> 500 | F25: 0.23 | G25: 4.4 | H25: 14 | I25: =IF(G25<3,"Poor", IF(G25>=4.5,"Excelent","Average")) -> Average | J25: {=_xlfn.IFS(F25<=0.2,"Low Discount",F25<=0.4,"Medium Discount",F25>0.4,"High Discount")} -> Medium Discount
A26: LASA 3 Tier Bamboo Shoe Bench Storage Shelf | B26: 2048 | C26: =IF(B26<=1000, "0 - 1000", IF(B26 <=2000,"1000 - 2000", IF(B26<=4000,"2000 - 4000", "Above 400"))) -> 2000 - 4000 | D26: 4500 | E26: =D26-B26 -> 2452 | F26: 0.54 | G26: 4.3 | H26: 7 | I26: =IF(G26<3,"Poor", IF(G26>=4.5,"Excelent","Average")) -> Average | J26: {=_xlfn.IFS(F26<=0.2,"Low Discount",F26<=0.4,"Medium Discount",F26>0.4,"High Discount")} -> High Discount
A27: Electronic Digital Display Vernier Caliper | B27: 420 | C27: =IF(B27<=1000, "0 - 1000", IF(B27 <=2000,"1000 - 2000", IF(B27<=4000,"2000 - 4000", "Above 400"))) -> 0 - 1000 | D27: 647 | E27: =D27-B27 -> 227 | F27: 0.35 | G27: 4.6 | H27: 49 | I27: =IF(G27<3,"Poor", IF(G27>=4.5,"Excelent","Average")) -> Excelent | J27: {=_xlfn.IFS(F27<=0.2,"Low Discount",F27<=0.4,"Medium Discount",F27>0.4,"High Discount")} -> Medium Discount
A28: Portable Wardrobe Nonwoven With 3 Hanging Rods And 6 Storage Shelves | B28: 2880 | C28: =IF(B28<=1000, "0 - 1000", IF(B28 <=2000,"1000 - 2000", IF(B28<=4000,"2000 - 4000", "Above 400"))) -> 2000 - 4000 | D28: 3520 | E28: =D28-B28 -> 640 | F28: 0.18 | G28: 3.8 | H28: 12 | I28: =IF(G28<3,"Poor", IF(G28>=4.5,"Excelent","Average")) -> Average | J28: {=_xlfn.IFS(F28<=0.2,"Low Discount",F28<=0.4,"Medium Discount",F28>0.4,"High Discount")} -> Low Discount
A29: 12 Litre Black Insulated Lunch Box | B29: 1350 | C29: =IF(B29<=1000, "0 - 1000", IF(B29 <=2000,"1000 - 2000", IF(B29<=4000,"2000 - 4000", "Above 400"))) -> 1000 - 2000 | D29: 1990 | E29: =D29-B29 -> 640 | F29: 0.32 | G29: 3.8 | H29: 13 | I29: =IF(G29<3,"Poor", IF(G29>=4.5,"Excelent","Average")) -> Average | J29: {=_xlfn.IFS(F29<=0.2,"Low Discount",F29<=0.4,"Medium Discount",F29>0.4,"High Discount")} -> Medium Discount
A30: 52 Pieces Cake Decorating Tool Set Gift Kit Baking Supplies | B30: 1758 | C30: =IF(B30<=1000, "0 - 1000", IF(B30 <=2000,"1000 - 2000", IF(B30<=4000,"2000 - 4000", "Above 400"))) -> 1000 - 2000 | D30: 2499 | E30: =D30-B30 -> 741 | F30: 0.3 | G30: 4.1 | H30: 20 | I30: =IF(G30<3,"Poor", IF(G30>=4.5,"Excelent","Average")) -> Average | J30: {=_xlfn.IFS(F30<=0.2,"Low Discount",F30<=0.4,"Medium Discount",F30>0.4,"High Discount")} -> Medium Discount
A31: MultiFunctional Storage Rack Multi-layer Bookshelf | B31: 2200 | C31: =IF(B31<=1000, "0 - 1000", IF(B31 <=2000,"1000 - 2000", IF(B31<=4000,"2000 - 4000", "Above 400"))) -> 2000 - 4000 | D31: 4080 | E31: =D31-B31 -> 1880 | F31: 0.46 | I31: =IF(G31<3,"Poor", IF(G31>=4.5,"Excelent","Average")) -> Poor | J31: {=_xlfn.IFS(F31<=0.2,"Low Discount",F31<=0.4,"Medium Discount",F31>0.4,"High Discount")} -> High Discount
A32: Exfoliate And Exfoliate Face Towel - Black | B32: 185 | C32: =IF(B32<=1000, "0 - 1000", IF(B32 <=2000,"1000 - 2000", IF(B32<=4000,"2000 - 4000", "Above 400"))) -> 0 - 1000 | D32: 382 | E32: =D32-B32 -> 197 | F32: 0.52 | G32: 4.3 | H32: 9 | I32: =IF(G32<3,"Poor", IF(G32>=4.5,"Excelent","Average")) -> Average | J32: {=_xlfn.IFS(F32<=0.2,"Low Discount",F32<=0.4,"Medium Discount",F32>0.4,"High Discount")} -> High Discount
A33: 12 Litre Insulated Lunch Box Grey | B33: 980 | C33: =IF(B33<=1000, "0 - 1000", IF(B33 <=2000,"1000 - 2000", IF(B33<=4000,"2000 - 4000", "Above 400"))) -> 0 - 1000 | D33: 1490 | E33: =D33-B33 -> 510 | F33: 0.34 | G33: 4.7 | H33: 12 | I33: =IF(G33<3,"Poor", IF(G33>=4.5,"Excelent","Average")) -> Excelent | J33: {=_xlfn.IFS(F33<=0.2,"Low Discount",F33<=0.4,"Medium Discount",F33>0.4,"High Discount")} -> Medium Discount
A34: LED Eye Protection Desk Lamp , Study, Reading, USB Fan - Double Pen Holder | B34: 1820 | C34: =IF(B34<=1000, "0 - 1000", IF(B34 <=2000,"1000 - 2000", IF(B34<=4000,"2000 - 4000", "Above 400"))) -> 1000 - 2000 | D34: 3490 | E34: =D34-B34 -> 1670 | F34: 0.48 | G34: 4.3 | H34: 9 | I34: =IF(G34<3,"Poor", IF(G34>=4.5,"Excelent","Average")) -> Average | J34: {=_xlfn.IFS(F34<=0.2,"Low Discount",F34<=0.4,"Medium Discount",F34>0.4,"High Discount")} -> High Discount
A35: 53Pcs/Set Yarn Knitting Crochet Hooks With Bag - Fortune Cat | B35: 1940 | C35: =IF(B35<=1000, "0 - 1000", IF(B35 <=2000,"1000 - 2000", IF(B35<=4000,"2000 - 4000", "Above 400"))) -> 1000 - 2000 | D35: 2650 | E35: =D35-B35 -> 710 | F35: 0.27 | G35: 4.7 | H35: 20 | I35: =IF(G35<3,"Poor", IF(G35>=4.5,"Excelent","Average")) -> Excelent | J35: {=_xlfn.IFS(F35<=0.2,"Low Discount",F35<=0.4,"Medium Discount",F35>0.4,"High Discount")} -> Medium Discount
A36: 53 Pieces/Set Yarn Knitting Crochet Hooks With Bag - Pansies | B36: 1980 | C36: =IF(B36<=1000, "0 - 1000", IF(B36 <=2000,"1000 - 2000", IF(B36<=4000,"2000 - 4000", "Above 400"))) -> 1000 - 2000 | D36: 2699 | E36: =D36-B36 -> 719 | F36: 0.27 | G36: 4.5 | H36: 32 | I36: =IF(G36<3,"Poor", IF(G36>=4.5,"Excelent","Average")) -> Excelent | J36: {=_xlfn.IFS(F36<=0.2,"Low Discount",F36<=0.4,"Medium Discount",F36>0.4,"High Discount")} -> Medium Discount
A37: DIY File Folder, Office Drawer File Holder, Pen Holder, Desktop Storage Rack | B37: 1620 | C37: =IF(B37<=1000, "0 - 1000", IF(B37 <=2000,"1000 - 2000", IF(B37<=4000,"2000 - 4000", "Above 400"))) -> 1000 - 2000 | D37: 2690 | E37: =D37-B37 -> 1070 | F37: 0.4 | G37: 5 | H37: 1 | I37: =IF(G37<3,"Poor", IF(G37>=4.5,"Excelent","Average")) -> Excelent | J37: {=_xlfn.IFS(F37<=0.2,"Low Discount",F37<=0.4,"Medium Discount",F37>0.4,"High Discount")} -> Medium Discount
A38: Classic Black Cat Cotton Hemp Pillow Case For Home Car | B38: 171 | C38: =IF(B38<=1000, "0 - 1000", IF(B38 <=2000,"1000 - 2000", IF(B38<=4000,"2000 - 4000", "Above 400"))) -> 0 - 1000 | D38: 360 | E38: =D38-B38 -> 189 | F38: 0.53 | G38: 5 | H38: 2 | I38: =IF(G38<3,"Poor", IF(G38>=4.5,"Excelent","Average")) -> Excelent | J38: {=_xlfn.IFS(F38<=0.2,"Low Discount",F38<=0.4,"Medium Discount",F38>0.4,"High Discount")} -> High Discount
A39: Punch-free Great Load Bearing Bathroom Storage Rack Wall Shelf-White | B39: 389 | C39: =IF(B39<=1000, "0 - 1000", IF(B39 <=2000,"1000 - 2000", IF(B39<=4000,"2000 - 4000", "Above 400"))) -> 0 - 1000 | D39: 656 | E39: =D39-B39 -> 267 | F39: 0.41 | G39: 4.3 | H39: 36 | I39: =IF(G39<3,"Poor", IF(G39>=4.5,"Excelent","Average")) -> Average | J39: {=_xlfn.IFS(F39<=0.2,"Low Discount",F39<=0.4,"Medium Discount",F39>0.4,"High Discount")} -> High Discount
A40: LASA Stainless Steel Double Wall Mount Soap Dispenser - 500ml | B40: 2750 | C40: =IF(B40<=1000, "0 - 1000", IF(B40 <=2000,"1000 - 2000", IF(B40<=4000,"2000 - 4000", "Above 400"))) -> 2000 - 4000 | D40: 4471 | E40: =D40-B40 -> 1721 | F40: 0.38 | I40: =IF(G40<3,"Poor", IF(G40>=4.5,"Excelent","Average")) -> Poor | J40: {=_xlfn.IFS(F40<=0.2,"Low Discount",F40<=0.4,"Medium Discount",F40>0.4,"High Discount")} -> Medium Discount
A41: 4M Float Switch Water Level Controller -Water Tank | B41: 475 | C41: =IF(B41<=1000, "0 - 1000", IF(B41 <=2000,"1000 - 2000", IF(B41<=4000,"2000 - 4000", "Above 400"))) -> 0 - 1000 | D41: 931 | E41: =D41-B41 -> 456 | F41: 0.49 | I41: =IF(G41<3,"Poor", IF(G41>=4.5,"Excelent","Average")) -> Poor | J41: {=_xlfn.IFS(F41<=0.2,"Low Discount",F41<=0.4,"Medium Discount",F41>0.4,"High Discount")} -> High Discount
A42: Modern Sofa Throw Pillow Cover-45x45cm-Blue&Red | B42: 238 | C42: =IF(B42<=1000, "0 - 1000", IF(B42 <=2000,"1000 - 2000", IF(B42<=4000,"2000 - 4000", "Above 400"))) -> 0 - 1000 | D42: 476 | E42: =D42-B42 -> 238 | F42: 0.5 | I42: =IF(G42<3,"Poor", IF(G42>=4.5,"Excelent","Average")) -> Poor | J42: {=_xlfn.IFS(F42<=0.2,"Low Discount",F42<=0.4,"Medium Discount",F42>0.4,"High Discount")} -> High Discount
A43: Balloon Insert, Birthday Party Balloon Set, PU Leather | B43: 610 | C43: =IF(B43<=1000, "0 - 1000", IF(B43 <=2000,"1000 - 2000", IF(B43<=4000,"2000 - 4000", "Above 400"))) -> 0 - 1000 | D43: 1060 | E43: =D43-B43 -> 450 | F43: 0.42 | I43: =IF(G43<3,"Poor", IF(G43>=4.5,"Excelent","Average")) -> Poor | J43: {=_xlfn.IFS(F43<=0.2,"Low Discount",F43<=0.4,"Medium Discount",F43>0.4,"High Discount")} -> High Discount
A44: Shower Cap Wide Elastic Band Cover Reusable Bashroom Cap | B44: 2132 | C44: =IF(B44<=1000, "0 - 1000", IF(B44 <=2000,"1000 - 2000", IF(B44<=4000,"2000 - 4000", "Above 400"))) -> 2000 - 4000 | D44: 2169 | E44: =D44-B44 -> 37 | F44: 0.02 | I44: =IF(G44<3,"Poor", IF(G44>=4.5,"Excelent","Average")) -> Poor | J44: {=_xlfn.IFS(F44<=0.2,"Low Discount",F44<=0.4,"Medium Discount",F44>0.4,"High Discount")} -> Low Discount
A45: Christmas Elk Fence Yard Lawn Decorations Cute For Holidays | B45: 999 | C45: =IF(B45<=1000, "0 - 1000", IF(B45 <=2000,"1000 - 2000", IF(B45<=4000,"2000 - 4000", "Above 400"))) -> 0 - 1000 | D45: 2000 | E45: =D45-B45 -> 1001 | F45: 0.5 | I45: =IF(G45<3,"Poor", IF(G45>=4.5,"Excelent","Average")) -> Poor | J45: {=_xlfn.IFS(F45<=0.2,"Low Discount",F45<=0.4,"Medium Discount",F45>0.4,"High Discount")} -> High Discount
A46: 60W Hot Melt Glue Sprayer - Efficient And Stable Glue Dispensing | B46: 1190 | C46: =IF(B46<=1000, "0 - 1000", IF(B46 <=2000,"1000 - 2000", IF(B46<=4000,"2000 - 4000", "Above 400"))) -> 1000 - 2000 | D46: 1785 | E46: =D46-B46 -> 595 | F46: 0.33 | I46: =IF(G46<3,"Poor", IF(G46>=4.5,"Excelent","Average")) -> Poor | J46: {=_xlfn.IFS(F46<=0.2,"Low Discount",F46<=0.4,"Medium Discount",F46>0.4,"High Discount")} -> Medium Discount
A47: Car Phone Charging Stand | B47: 671 | C47: =IF(B47<=1000, "0 - 1000", IF(B47 <=2000,"1000 - 2000", IF(B47<=4000,"2000 - 4000", "Above 400"))) -> 0 - 1000 | D47: 1316 | E47: =D47-B47 -> 645 | F47: 0.49 | I47: =IF(G47<3,"Poor", IF(G47>=4.5,"Excelent","Average")) -> Poor | J47: {=_xlfn.IFS(F47<=0.2,"Low Discount",F47<=0.4,"Medium Discount",F47>0.4,"High Discount")} -> High Discount
A48: 2pcs Solar Street Light Flood Light Outdoor | B48: 1200 | C48: =IF(B48<=1000, "0 - 1000", IF(B48 <=2000,"1000 - 2000", IF(B48<=4000,"2000 - 4000", "Above 400"))) -> 1000 - 2000 | D48: 1950 | E48: =D48-B48 -> 750 | F48: 0.38 | I48: =IF(G48<3,"Poor", IF(G48>=4.5,"Excelent","Average")) -> Poor | J48: {=_xlfn.IFS(F48<=0.2,"Low Discount",F48<=0.4,"Medium Discount",F48>0.4,"High Discount")} -> Medium Discount
A49: Creative Owl Shape Keychain Black | B49: 199 | C49: =IF(B49<=1000, "0 - 1000", IF(B49 <=2000,"1000 - 2000", IF(B49<=4000,"2000 - 4000", "Above 400"))) -> 0 - 1000 | D49: 504 | E49: =D49-B49 -> 305 | F49: 0.61 | I49: =IF(G49<3,"Poor", IF(G49>=4.5,"Excelent","Average")) -> Poor | J49: {=_xlfn.IFS(F49<=0.2,"Low Discount",F49<=0.4,"Medium Discount",F49>0.4,"High Discount")} -> High Discount
A50: Brush & Paintbrush Cleaning Tool Pink | B50: 299 | C50: =IF(B50<=1000, "0 - 1000", IF(B50 <=2000,"1000 - 2000", IF(B50<=4000,"2000 - 4000", "Above 400"))) -> 0 - 1000 | D50: 600 | E50: =D50-B50 -> 301 | F50: 0.5 | I50: =IF(G50<3,"Poor", IF(G50>=4.5,"Excelent","Average")) -> Poor | J50: {=_xlfn.IFS(F50<=0.2,"Low Discount",F50<=0.4,"Medium Discount",F50>0.4,"High Discount")} -> High Discount
A51: Pen Grips For Kids Pen Grip Posture Correction Tool For Kids | B51: 1660 | C51: =IF(B51<=1000, "0 - 1000", IF(B51 <=2000,"1000 - 2000", IF(B51<=4000,"2000 - 4000", "Above 400"))) -> 1000 - 2000 | D51: 1699 | E51: =D51-B51 -> 39 | F51: 0.02 | I51: =IF(G51<3,"Poor", IF(G51>=4.5,"Excelent","Average")) -> Poor | J51: {=_xlfn.IFS(F51<=0.2,"Low Discount",F51<=0.4,"Medium Discount",F51>0.4,"High Discount")} -> Low Discount
... A58: 12V 19500rpm Handheld Electric Angle Grinder Tool - UK - Yellow/Black | B58: 2799 | C58: =IF(B58<=1000, "0 - 1000", IF(B58 <=2000,"1000 - 2000", IF(B58<=4000,"2000 - 4000", "Above 400"))) -> 2000 - 4000 | D58: 3810 | E58: =D58-B58 -> 1011 | F58: 0.27 | I58: =IF(G58<3,"Poor", IF(G58>=4.5,"Excelent","Average")) -> Poor | J58: {=_xlfn.IFS(F58<=0.2,"Low Discount",F58<=0.4,"Medium Discount",F58>0.4,"High Discount")} -> Medium Discount
A59: 5 Pieces/set Of Stainless Steel Induction Cooker Pots | B59: 2170 | C59: =IF(B59<=1000, "0 - 1000", IF(B59 <=2000,"1000 - 2000", IF(B59<=4000,"2000 - 4000", "Above 400"))) -> 2000 - 4000 | D59: 2500 | E59: =D59-B59 -> 330 | F59: 0.13 | G59: 2.5 | H59: 6 | I59: =IF(G59<3,"Poor", IF(G59>=4.5,"Excelent","Average")) -> Poor | J59: {=_xlfn.IFS(F59<=0.2,"Low Discount",F59<=0.4,"Medium Discount",F59>0.4,"High Discount")} -> Low Discount
A60: Mythco 120COB Solar Wall Ligt With Motion Sensor And Remote Control 3 Modes | B60: 458 | C60: =IF(B60<=1000, "0 - 1000", IF(B60 <=2000,"1000 - 2000", IF(B60<=4000,"2000 - 4000", "Above 400"))) -> 0 - 1000 | D60: 986 | E60: =D60-B60 -> 528 | F60: 0.54 | G60: 3 | H60: 10 | I60: =IF(G60<3,"Poor", IF(G60>=4.5,"Excelent","Average")) -> Average | J60: {=_xlfn.IFS(F60<=0.2,"Low Discount",F60<=0.4,"Medium Discount",F60>0.4,"High Discount")} -> High Discount
A61: 5-PCS Stainless Steel Cooking Pot Set With Steamed Slices | B61: 2115 | C61: =IF(B61<=1000, "0 - 1000", IF(B61 <=2000,"1000 - 2000", IF(B61<=4000,"2000 - 4000", "Above 400"))) -> 2000 - 4000 | D61: 4700 | E61: =D61-B61 -> 2585 | F61: 0.55 | G61: 2.1 | H61: 13 | I61: =IF(G61<3,"Poor", IF(G61>=4.5,"Excelent","Average")) -> Poor | J61: {=_xlfn.IFS(F61<=0.2,"Low Discount",F61<=0.4,"Medium Discount",F61>0.4,"High Discount")} -> High Discount
A62: 120W Cordless Vacuum Cleaners Handheld Electric Vacuum Cleaner | B62: 445 | C62: =IF(B62<=1000, "0 - 1000", IF(B62 <=2000,"1000 - 2000", IF(B62<=4000,"2000 - 4000", "Above 400"))) -> 0 - 1000 | D62: 873 | E62: =D62-B62 -> 428 | F62: 0.49 | G62: 2.8 | H62: 69 | I62: =IF(G62<3,"Poor", IF(G62>=4.5,"Excelent","Average")) -> Poor | J62: {=_xlfn.IFS(F62<=0.2,"Low Discount",F62<=0.4,"Medium Discount",F62>0.4,"High Discount")} -> High Discount
A63: Intelligent LED Body Sensor Wireless Lighting Night Light USB | B63: 325 | C63: =IF(B63<=1000, "0 - 1000", IF(B63 <=2000,"1000 - 2000", IF(B63<=4000,"2000 - 4000", "Above 400"))) -> 0 - 1000 | D63: 680 | E63: =D63-B63 -> 355 | F63: 0.52 | G63: 2.7 | H63: 15 | I63: =IF(G63<3,"Poor", IF(G63>=4.5,"Excelent","Average")) -> Poor | J63: {=_xlfn.IFS(F63<=0.2,"Low Discount",F63<=0.4,"Medium Discount",F63>0.4,"High Discount")} -> High Discount
A64: VIC Wireless Vacuum Cleaner Dual Use For Home And Car 120W High Power Powerful | B64: 1220 | C64: =IF(B64<=1000, "0 - 1000", IF(B64 <=2000,"1000 - 2000", IF(B64<=4000,"2000 - 4000", "Above 400"))) -> 1000 - 2000 | D64: 1555 | E64: =D64-B64 -> 335 | F64: 0.22 | G64: 2.9 | H64: 16 | I64: =IF(G64<3,"Poor", IF(G64>=4.5,"Excelent","Average")) -> Poor | J64: {=_xlfn.IFS(F64<=0.2,"Low Discount",F64<=0.4,"Medium Discount",F64>0.4,"High Discount")} -> Medium Discount
A65: Artificial Potted Flowers Room Decorative Flowers (2 Pieces) | B65: 990 | C65: =IF(B65<=1000, "0 - 1000", IF(B65 <=2000,"1000 - 2000", IF(B65<=4000,"2000 - 4000", "Above 400"))) -> 0 - 1000 | D65: 1814 | E65: =D65-B65 -> 824 | F65: 0.45 | G65: 2.2 | H65: 6 | I65: =IF(G65<3,"Poor", IF(G65>=4.5,"Excelent","Average")) -> Poor | J65: {=_xlfn.IFS(F65<=0.2,"Low Discount",F65<=0.4,"Medium Discount",F65>0.4,"High Discount")} -> High Discount
A66: 380ML USB Rechargeable Portable Small Blenders And Juicers | B66: 1000 | C66: =IF(B66<=1000, "0 - 1000", IF(B66 <=2000,"1000 - 2000", IF(B66<=4000,"2000 - 4000", "Above 400"))) -> 0 - 1000 | D66: 2000 | E66: =D66-B66 -> 1000 | F66: 0.5 | G66: 2.3 | H66: 7 | I66: =IF(G66<3,"Poor", IF(G66>=4.5,"Excelent","Average")) -> Poor | J66: {=_xlfn.IFS(F66<=0.2,"Low Discount",F66<=0.4,"Medium Discount",F66>0.4,"High Discount")} -> High Discount
A67: 32PCS Portable Cordless Drill Set With Cyclic Battery Drive -26 Variable Speed | B67: 3750 | C67: =IF(B67<=1000, "0 - 1000", IF(B67 <=2000,"1000 - 2000", IF(B67<=4000,"2000 - 4000", "Above 400"))) -> 2000 - 4000 | D67: 6143 | E67: =D67-B67 -> 2393 | F67: 0.39 | G67: 3 | H67: 5 | I67: =IF(G67<3,"Poor", IF(G67>=4.5,"Excelent","Average")) -> Average | J67: {=_xlfn.IFS(F67<=0.2,"Low Discount",F67<=0.4,"Medium Discount",F67>0.4,"High Discount")} -> Medium Discount
A68: Agapeon Toothbrush Holder And Toothpaste Dispenser | B68: 382 | C68: =IF(B68<=1000, "0 - 1000", IF(B68 <=2000,"1000 - 2000", IF(B68<=4000,"2000 - 4000", "Above 400"))) -> 0 - 1000 | D68: 700 | E68: =D68-B68 -> 318 | F68: 0.45 | G68: 2.6 | H68: 17 | I68: =IF(G68<3,"Poor", IF(G68>=4.5,"Excelent","Average")) -> Poor | J68: {=_xlfn.IFS(F68<=0.2,"Low Discount",F68<=0.4,"Medium Discount",F68>0.4,"High Discount")} -> High Discount
A69: Large Lazy Inflatable Sofa Chairs PVC Lounger Seat Bag | B69: 2300 | C69: =IF(B69<=1000, "0 - 1000", IF(B69 <=2000,"1000 - 2000", IF(B69<=4000,"2000 - 4000", "Above 400"))) -> 2000 - 4000 | D69: 3240 | E69: =D69-B69 -> 940 | F69: 0.29 | G69: 3 | H69: 5 | I69: =IF(G69<3,"Poor", IF(G69>=4.5,"Excelent","Average")) -> Average | J69: {=_xlfn.IFS(F69<=0.2,"Low Discount",F69<=0.4,"Medium Discount",F69>0.4,"High Discount")} -> Medium Discount
A70: Watercolour Gold Foil Textured Print Pillow Cover | B70: 345 | C70: =IF(B70<=1000, "0 - 1000", IF(B70 <=2000,"1000 - 2000", IF(B70<=4000,"2000 - 4000", "Above 400"))) -> 0 - 1000 | D70: 602 | E70: =D70-B70 -> 257 | F70: 0.43 | G70: 2.3 | H70: 6 | I70: =IF(G70<3,"Poor", IF(G70>=4.5,"Excelent","Average")) -> Poor | J70: {=_xlfn.IFS(F70<=0.2,"Low Discount",F70<=0.4,"Medium Discount",F70>0.4,"High Discount")} -> High Discount
... A73: Electric LED UV Mosquito Killer Lamp, Outdoor/Indoor Fly Killer Trap Light -USB | B73: 1570 | C73: =IF(B73<=1000, "0 - 1000", IF(B73 <=2000,"1000 - 2000", IF(B73<=4000,"2000 - 4000", "Above 400"))) -> 1000 - 2000 | D73: 2988 | E73: =D73-B73 -> 1418 | F73: 0.47 | G73: 2.1 | H73: 7 | I73: =IF(G73<3,"Poor", IF(G73>=4.5,"Excelent","Average")) -> Poor | J73: {=_xlfn.IFS(F73<=0.2,"Low Discount",F73<=0.4,"Medium Discount",F73>0.4,"High Discount")} -> High Discount
A74: 2PCS/LOT Solar LED Outdoor Intelligent Light Controlled Wall Lamp | B74: 790 | C74: =IF(B74<=1000, "0 - 1000", IF(B74 <=2000,"1000 - 2000", IF(B74<=4000,"2000 - 4000", "Above 400"))) -> 0 - 1000 | D74: 1485 | E74: =D74-B74 -> 695 | F74: 0.47 | I74: =IF(G74<3,"Poor", IF(G74>=4.5,"Excelent","Average")) -> Poor | J74: {=_xlfn.IFS(F74<=0.2,"Low Discount",F74<=0.4,"Medium Discount",F74>0.4,"High Discount")} -> High Discount
A75: 3PCS Rotary Scraper Thermomix For Kitchen | B75: 690 | C75: =IF(B75<=1000, "0 - 1000", IF(B75 <=2000,"1000 - 2000", IF(B75<=4000,"2000 - 4000", "Above 400"))) -> 0 - 1000 | D75: 1200 | E75: =D75-B75 -> 510 | F75: 0.43 | I75: =IF(G75<3,"Poor", IF(G75>=4.5,"Excelent","Average")) -> Poor | J75: {=_xlfn.IFS(F75<=0.2,"Low Discount",F75<=0.4,"Medium Discount",F75>0.4,"High Discount")} -> High Discount
A76: Cushion Silicone Butt Cushion Summer Ice Cushion Honeycomb Gel Cushion | B76: 1732 | C76: =IF(B76<=1000, "0 - 1000", IF(B76 <=2000,"1000 - 2000", IF(B76<=4000,"2000 - 4000", "Above 400"))) -> 1000 - 2000 | D76: 1799 | E76: =D76-B76 -> 67 | F76: 0.04 | I76: =IF(G76<3,"Poor", IF(G76>=4.5,"Excelent","Average")) -> Poor | J76: {=_xlfn.IFS(F76<=0.2,"Low Discount",F76<=0.4,"Medium Discount",F76>0.4,"High Discount")} -> Low Discount
A77: 7PCS Silicone Thumb Knife Finger Protector Vegetable Harvesting Knife | B77: 230 | C77: =IF(B77<=1000, "0 - 1000", IF(B77 <=2000,"1000 - 2000", IF(B77<=4000,"2000 - 4000", "Above 400"))) -> 0 - 1000 | D77: 450 | E77: =D77-B77 -> 220 | F77: 0.49 | I77: =IF(G77<3,"Poor", IF(G77>=4.5,"Excelent","Average")) -> Poor | J77: {=_xlfn.IFS(F77<=0.2,"Low Discount",F77<=0.4,"Medium Discount",F77>0.4,"High Discount")} -> High Discount
A78: Memory Foam Neck Pillow Cover, With Pillow Core - 50*30cm | B78: 1189 | C78: =IF(B78<=1000, "0 - 1000", IF(B78 <=2000,"1000 - 2000", IF(B78<=4000,"2000 - 4000", "Above 400"))) -> 1000 - 2000 | D78: 2199 | E78: =D78-B78 -> 1010 | F78: 0.46 | G78: 3 | H78: 1 | I78: =IF(G78<3,"Poor", IF(G78>=4.5,"Excelent","Average")) -> Average | J78: {=_xlfn.IFS(F78<=0.2,"Low Discount",F78<=0.4,"Medium Discount",F78>0.4,"High Discount")} -> High Discount
A79: Bedroom Simple Floor Hanging Clothes Rack Single Pole Hat Rack - White | B79: 979 | C79: =IF(B79<=1000, "0 - 1000", IF(B79 <=2000,"1000 - 2000", IF(B79<=4000,"2000 - 4000", "Above 400"))) -> 0 - 1000 | D79: 1920 | E79: =D79-B79 -> 941 | F79: 0.49 | G79: 5 | H79: 1 | I79: =IF(G79<3,"Poor", IF(G79>=4.5,"Excelent","Average")) -> Excelent | J79: {=_xlfn.IFS(F79<=0.2,"Low Discount",F79<=0.4,"Medium Discount",F79>0.4,"High Discount")} -> High Discount
A80: 5m Waterproof Spherical LED String Lights Outdoor Ball Chain Lights Party Lighting Decoration Adjustable | B80: 1460 | C80: =IF(B80<=1000, "0 - 1000", IF(B80 <=2000,"1000 - 2000", IF(B80<=4000,"2000 - 4000", "Above 400"))) -> 1000 - 2000 | D80: 2290 | E80: =D80-B80 -> 830 | F80: 0.36 | I80: =IF(G80<3,"Poor", IF(G80>=4.5,"Excelent","Average")) -> Poor | J80: {=_xlfn.IFS(F80<=0.2,"Low Discount",F80<=0.4,"Medium Discount",F80>0.4,"High Discount")} -> Medium Discount
A81: 2 Pairs Cowhide Split Leather Work Gloves.32â„‰ Or Above Welding Gloves | B81: 1666 | C81: =IF(B81<=1000, "0 - 1000", IF(B81 <=2000,"1000 - 2000", IF(B81<=4000,"2000 - 4000", "Above 400"))) -> 1000 - 2000 | D81: 1699 | E81: =D81-B81 -> 33 | F81: 0.02 | I81: =IF(G81<3,"Poor", IF(G81>=4.5,"Excelent","Average")) -> Poor | J81: {=_xlfn.IFS(F81<=0.2,"Low Discount",F81<=0.4,"Medium Discount",F81>0.4,"High Discount")} -> Low Discount
A82: Household Pineapple Peeler Peeler | B82: 330 | C82: =IF(B82<=1000, "0 - 1000", IF(B82 <=2000,"1000 - 2000", IF(B82<=4000,"2000 - 4000", "Above 400"))) -> 0 - 1000 | D82: 647 | E82: =D82-B82 -> 317 | F82: 0.49 | G82: 4 | H82: 1 | I82: =IF(G82<3,"Poor", IF(G82>=4.5,"Excelent","Average")) -> Average | J82: {=_xlfn.IFS(F82<=0.2,"Low Discount",F82<=0.4,"Medium Discount",F82>0.4,"High Discount")} -> High Discount
A83: Office Chair Lumbar Back Support Spine Posture Correction Pillow Car Cushion | B83: 1466 | C83: =IF(B83<=1000, "0 - 1000", IF(B83 <=2000,"1000 - 2000", IF(B83<=4000,"2000 - 4000", "Above 400"))) -> 1000 - 2000 | D83: 1699 | E83: =D83-B83 -> 233 | F83: 0.14 | I83: =IF(G83<3,"Poor", IF(G83>=4.5,"Excelent","Average")) -> Poor | J83: {=_xlfn.IFS(F83<=0.2,"Low Discount",F83<=0.4,"Medium Discount",F83>0.4,"High Discount")} -> Low Discount
A84: Cartoon Car Decoration Cute Individuality For Car Home Desk | B84: 274 | C84: =IF(B84<=1000, "0 - 1000", IF(B84 <=2000,"1000 - 2000", IF(B84<=4000,"2000 - 4000", "Above 400"))) -> 0 - 1000 | D84: 537 | E84: =D84-B84 -> 263 | F84: 0.49 | I84: =IF(G84<3,"Poor", IF(G84>=4.5,"Excelent","Average")) -> Poor | J84: {=_xlfn.IFS(F84<=0.2,"Low Discount",F84<=0.4,"Medium Discount",F84>0.4,"High Discount")} -> High Discount
A85: Outdoor Portable Water Bottle With Medicine Box - 600ML - Black | B85: 799 | C85: =IF(B85<=1000, "0 - 1000", IF(B85 <=2000,"1000 - 2000", IF(B85<=4000,"2000 - 4000", "Above 400"))) -> 0 - 1000 | D85: 900 | E85: =D85-B85 -> 101 | F85: 0.11 | I85: =IF(G85<3,"Poor", IF(G85>=4.5,"Excelent","Average")) -> Poor | J85: {=_xlfn.IFS(F85<=0.2,"Low Discount",F85<=0.4,"Medium Discount",F85>0.4,"High Discount")} -> Low Discount
A86: Wall-Mounted Toothbrush Toothpaste Holder With Multiple Slots | B86: 1468 | C86: =IF(B86<=1000, "0 - 1000", IF(B86 <=2000,"1000 - 2000", IF(B86<=4000,"2000 - 4000", "Above 400"))) -> 1000 - 2000 | D86: 1699 | E86: =D86-B86 -> 231 | F86: 0.14 | I86: =IF(G86<3,"Poor", IF(G86>=4.5,"Excelent","Average")) -> Poor | J86: {=_xlfn.IFS(F86<=0.2,"Low Discount",F86<=0.4,"Medium Discount",F86>0.4,"High Discount")} -> Low Discount
A87: C | B87: 630 | C87: =IF(B87<=1000, "0 - 1000", IF(B87 <=2000,"1000 - 2000", IF(B87<=4000,"2000 - 4000", "Above 400"))) -> 0 - 1000 | D87: 1100 | E87: =D87-B87 -> 470 | F87: 0.43 | I87: =IF(G87<3,"Poor", IF(G87>=4.5,"Excelent","Average")) -> Poor | J87: {=_xlfn.IFS(F87<=0.2,"Low Discount",F87<=0.4,"Medium Discount",F87>0.4,"High Discount")} -> High Discount
A88: Wall Clock With Hidden Safe Box | B88: 850 | C88: =IF(B88<=1000, "0 - 1000", IF(B88 <=2000,"1000 - 2000", IF(B88<=4000,"2000 - 4000", "Above 400"))) -> 0 - 1000 | D88: 1700 | E88: =D88-B88 -> 850 | F88: 0.5 | I88: =IF(G88<3,"Poor", IF(G88>=4.5,"Excelent","Average")) -> Poor | J88: {=_xlfn.IFS(F88<=0.2,"Low Discount",F88<=0.4,"Medium Discount",F88>0.4,"High Discount")} -> High Discount
A89: Portable Wine Table With Folding Round Table | B89: 1300 | C89: =IF(B89<=1000, "0 - 1000", IF(B89 <=2000,"1000 - 2000", IF(B89<=4000,"2000 - 4000", "Above 400"))) -> 1000 - 2000 | D89: 2500 | E89: =D89-B89 -> 1200 | F89: 0.48 | I89: =IF(G89<3,"Poor", IF(G89>=4.5,"Excelent","Average")) -> Poor | J89: {=_xlfn.IFS(F89<=0.2,"Low Discount",F89<=0.4,"Medium Discount",F89>0.4,"High Discount")} -> High Discount
A90: Sewing Machine Needle Threader Stitch Insertion Tool Automatic Quick Sewing | B90: 105 | C90: =IF(B90<=1000, "0 - 1000", IF(B90 <=2000,"1000 - 2000", IF(B90<=4000,"2000 - 4000", "Above 400"))) -> 0 - 1000 | D90: 200 | E90: =D90-B90 -> 95 | F90: 0.48 | I90: =IF(G90<3,"Poor", IF(G90>=4.5,"Excelent","Average")) -> Poor | J90: {=_xlfn.IFS(F90<=0.2,"Low Discount",F90<=0.4,"Medium Discount",F90>0.4,"High Discount")} -> High Discount
A91: 6 Layers Steel Pipe Assembling Dustproof Storage Shoe Cabinet | B91: 899 | C91: =IF(B91<=1000, "0 - 1000", IF(B91 <=2000,"1000 - 2000", IF(B91<=4000,"2000 - 4000", "Above 400"))) -> 0 - 1000 | D91: 1699 | E91: =D91-B91 -> 800 | F91: 0.47 | I91: =IF(G91<3,"Poor", IF(G91>=4.5,"Excelent","Average")) -> Poor | J91: {=_xlfn.IFS(F91<=0.2,"Low Discount",F91<=0.4,"Medium Discount",F91>0.4,"High Discount")} -> High Discount
A92: 2PCS Ice Silk Square Cushion Cover Pillowcases - 65x65cm | B92: 1200 | C92: =IF(B92<=1000, "0 - 1000", IF(B92 <=2000,"1000 - 2000", IF(B92<=4000,"2000 - 4000", "Above 400"))) -> 1000 - 2000 | D92: 2400 | E92: =D92-B92 -> 1200 | F92: 0.5 | I92: =IF(G92<3,"Poor", IF(G92>=4.5,"Excelent","Average")) -> Poor | J92: {=_xlfn.IFS(F92<=0.2,"Low Discount",F92<=0.4,"Medium Discount",F92>0.4,"High Discount")} -> High Discount
A93: Wall Mount Automatic Toothpaste Dispenser Toothbrush Holder Toothpaste Squeezer | B93: 1526 | C93: =IF(B93<=1000, "0 - 1000", IF(B93 <=2000,"1000 - 2000", IF(B93<=4000,"2000 - 4000", "Above 400"))) -> 1000 - 2000 | D93: 1660 | E93: =D93-B93 -> 134 | F93: 0.08 | I93: =IF(G93<3,"Poor", IF(G93>=4.5,"Excelent","Average")) -> Poor | J93: {=_xlfn.IFS(F93<=0.2,"Low Discount",F93<=0.4,"Medium Discount",F93>0.4,"High Discount")} -> Low Discount
A94: Portable Soap Dispenser Kitchen Detergent Press Box Kitchen Tools | B94: 1462 | C94: =IF(B94<=1000, "0 - 1000", IF(B94 <=2000,"1000 - 2000", IF(B94<=4000,"2000 - 4000", "Above 400"))) -> 1000 - 2000 | D94: 1499 | E94: =D94-B94 -> 37 | F94: 0.02 | I94: =IF(G94<3,"Poor", IF(G94>=4.5,"Excelent","Average")) -> Poor | J94: {=_xlfn.IFS(F94<=0.2,"Low Discount",F94<=0.4,"Medium Discount",F94>0.4,"High Discount")} -> Low Discount
... A98: 8in1 Screwdriver With LED Light | B98: 1080 | C98: =IF(B98<=1000, "0 - 1000", IF(B98 <=2000,"1000 - 2000", IF(B98<=4000,"2000 - 4000", "Above 400"))) -> 1000 - 2000 | D98: 1874 | E98: =D98-B98 -> 794 | F98: 0.42 | I98: =IF(G98<3,"Poor", IF(G98>=4.5,"Excelent","Average")) -> Poor | J98: {=_xlfn.IFS(F98<=0.2,"Low Discount",F98<=0.4,"Medium Discount",F98>0.4,"High Discount")} -> High Discount
A99: Konka Healty Electric Kettle, 24-hour Heat Preservation,1.5L,800W, White | B99: 3640 | C99: =IF(B99<=1000, "0 - 1000", IF(B99 <=2000,"1000 - 2000", IF(B99<=4000,"2000 - 4000", "Above 400"))) -> 2000 - 4000 | D99: 4588 | E99: =D99-B99 -> 948 | F99: 0.21 | G99: 5 | H99: 1 | I99: =IF(G99<3,"Poor", IF(G99>=4.5,"Excelent","Average")) -> Excelent | J99: {=_xlfn.IFS(F99<=0.2,"Low Discount",F99<=0.4,"Medium Discount",F99>0.4,"High Discount")} -> Medium Discount
A100: 9pcs Gas Mask, For Painting, Dust, Formaldehyde Grinding, Polishing | B100: 1420 | C100: =IF(B100<=1000, "0 - 1000", IF(B100 <=2000,"1000 - 2000", IF(B100<=4000,"2000 - 4000", "Above 400"))) -> 1000 - 2000 | D100: 2420 | E100: =D100-B100 -> 1000 | F100: 0.41 | I100: =IF(G100<3,"Poor", IF(G100>=4.5,"Excelent","Average")) -> Poor | J100: {=_xlfn.IFS(F100<=0.2,"Low Discount",F100<=0.4,"Medium Discount",F100>0.4,"High Discount")} -> High Discount
A101: 24 Grid Wall-mounted Sundries Organiser Fabric Closet Bag Storage Rack | B101: 1875 | C101: =IF(B101<=1000, "0 - 1000", IF(B101 <=2000,"1000 - 2000", IF(B101<=4000,"2000 - 4000", "Above 400"))) -> 1000 - 2000 | D101: 1899 | E101: =D101-B101 -> 24 | F101: 0.01 | I101: =IF(G101<3,"Poor", IF(G101>=4.5,"Excelent","Average")) -> Poor | J101: {=_xlfn.IFS(F101<=0.2,"Low Discount",F101<=0.4,"Medium Discount",F101>0.4,"High Discount")} -> Low Discount
A102: 1PC Refrigerator Food Seal Pocket Fridge Bags | B102: 198 | C102: =IF(B102<=1000, "0 - 1000", IF(B102 <=2000,"1000 - 2000", IF(B102<=4000,"2000 - 4000", "Above 400"))) -> 0 - 1000 | D102: 260 | E102: =D102-B102 -> 62 | F102: 0.24 | I102: =IF(G102<3,"Poor", IF(G102>=4.5,"Excelent","Average")) -> Poor | J102: {=_xlfn.IFS(F102<=0.2,"Low Discount",F102<=0.4,"Medium Discount",F102>0.4,"High Discount")} -> Medium Discount
A103: LED Solar Street Light-fake Camera | B103: 1150 | C103: =IF(B103<=1000, "0 - 1000", IF(B103 <=2000,"1000 - 2000", IF(B103<=4000,"2000 - 4000", "Above 400"))) -> 1000 - 2000 | D103: 1737 | E103: =D103-B103 -> 587 | F103: 0.34 | I103: =IF(G103<3,"Poor", IF(G103>=4.5,"Excelent","Average")) -> Poor | J103: {=_xlfn.IFS(F103<=0.2,"Low Discount",F103<=0.4,"Medium Discount",F103>0.4,"High Discount")} -> Medium Discount
A104: Cartoon Embroidered Mini Towel Bear Cotton Wash Cloth Hand 4pcs | B104: 1190 | C104: =IF(B104<=1000, "0 - 1000", IF(B104 <=2000,"1000 - 2000", IF(B104<=4000,"2000 - 4000", "Above 400"))) -> 1000 - 2000 | D104: 1810 | E104: =D104-B104 -> 620 | F104: 0.34 | I104: =IF(G104<3,"Poor", IF(G104>=4.5,"Excelent","Average")) -> Poor | J104: {=_xlfn.IFS(F104<=0.2,"Low Discount",F104<=0.4,"Medium Discount",F104>0.4,"High Discount")} -> Medium Discount
A105: Shower Nozzle Cleaning Unclogging Needle Mini Crevice Small Hole Cleaning Brush | B105: 1658 | C105: =IF(B105<=1000, "0 - 1000", IF(B105 <=2000,"1000 - 2000", IF(B105<=4000,"2000 - 4000", "Above 400"))) -> 1000 - 2000 | D105: 1699 | E105: =D105-B105 -> 41 | F105: 0.02 | I105: =IF(G105<3,"Poor", IF(G105>=4.5,"Excelent","Average")) -> Poor | J105: {=_xlfn.IFS(F105<=0.2,"Low Discount",F105<=0.4,"Medium Discount",F105>0.4,"High Discount")} -> Low Discount
A106: Thickening Multipurpose Non Stick Easy To Clean Heat Resistant Spoon Pad | B106: 1768 | C106: =IF(B106<=1000, "0 - 1000", IF(B106 <=2000,"1000 - 2000", IF(B106<=4000,"2000 - 4000", "Above 400"))) -> 1000 - 2000 | D106: 1799 | E106: =D106-B106 -> 31 | F106: 0.02 | I106: =IF(G106<3,"Poor", IF(G106>=4.5,"Excelent","Average")) -> Poor | J106: {=_xlfn.IFS(F106<=0.2,"Low Discount",F106<=0.4,"Medium Discount",F106>0.4,"High Discount")} -> Low Discount
A107: 6 In 1 Bottle Can Opener Multifunctional Easy Opener | B107: 199 | C107: =IF(B107<=1000, "0 - 1000", IF(B107 <=2000,"1000 - 2000", IF(B107<=4000,"2000 - 4000", "Above 400"))) -> 0 - 1000 | D107: 553 | E107: =D107-B107 -> 354 | F107: 0.64 | I107: =IF(G107<3,"Poor", IF(G107>=4.5,"Excelent","Average")) -> Poor | J107: {=_xlfn.IFS(F107<=0.2,"Low Discount",F107<=0.4,"Medium Discount",F107>0.4,"High Discount")} -> High Discount
A108: Wall-mounted Sticker Punch-free Plug Fixer | B108: 450 | C108: =IF(B108<=1000, "0 - 1000", IF(B108 <=2000,"1000 - 2000", IF(B108<=4000,"2000 - 4000", "Above 400"))) -> 0 - 1000 | D108: 900 | E108: =D108-B108 -> 450 | F108: 0.5 | G108: 2 | H108: 1 | I108: =IF(G108<3,"Poor", IF(G108>=4.5,"Excelent","Average")) -> Poor | J108: {=_xlfn.IFS(F108<=0.2,"Low Discount",F108<=0.4,"Medium Discount",F108>0.4,"High Discount")} -> High Discount
A109: Black Simple Water Cup Wine Coaster Anti Slip Absorbent | B109: 169 | C109: =IF(B109<=1000, "0 - 1000", IF(B109 <=2000,"1000 - 2000", IF(B109<=4000,"2000 - 4000", "Above 400"))) -> 0 - 1000 | D109: 320 | E109: =D109-B109 -> 151 | F109: 0.47 | I109: =IF(G109<3,"Poor", IF(G109>=4.5,"Excelent","Average")) -> Poor | J109: {=_xlfn.IFS(F109<=0.2,"Low Discount",F109<=0.4,"Medium Discount",F109>0.4,"High Discount")} -> High Discount
B116: MAX PRICE | D116: =MAX(B2:B109) -> 3750
B117: MIN PRICE | D117: =MIN(B2:B109) -> 38
B121: MOST EXPESNSIVE | D121: =_xlfn.XLOOKUP(D116,B:B,A:A) -> 32PCS Portable Cordless Drill Set With Cyclic Battery Drive -26 Variable Speed
B122: LEAST EXPENSIVE | D122: =_xlfn.XLOOKUP(D117,B:B,A:A) -> 3PCS Single Head Knitting Crochet Sweater Needle Set

Sheet Descriptive Analysis
B2: Values
B3: Average of Discount | C3: 0.3637037
B4: Average of Current price | C4: 1202.7778
B5: Average of Old Price | C5: 1829.7685
B6: Average of Ratings | C6: 3.8785714
B10: Row Labels | C10: Average of Ratings | D10: Average of Discount
B11: High Discount | C11: 3.6133333 | D11: 0.4820339
B12: Low Discount | C12: 3.8 | D12: 0.078947368
B13: Medium Discount | C13: 4.2761905 | D13: 0.31133333
B14: Grand Total | C14: 3.8785714 | D14: 0.3637037
B18: Row Labels | C18: Count of Product
B19: Average | C19: 22
B20: Excelent | C20: 22
B21: Poor | C21: 64
B22: Grand Total | C22: 108

Sheet Trend and Relationship Analysis

Sheet Scattered Helper Discount
C3: Product | D3: Max of Discount | E3: Max of Review
C4: 100 Pcs Crochet Hook Tool Set Knitting Hook Set With Box | D4: 0.34 | E4: 39
C5: 115 Piece Set Of Multifunctional Precision Screwdrivers | D5: 0.38 | E5: 2
C6: 12 Litre Black Insulated Lunch Box | D6: 0.32 | E6: 13
C7: 12 Litre Insulated Lunch Box Grey | D7: 0.34 | E7: 12
C8: 120W Cordless Vacuum Cleaners Handheld Electric Vacuum Cleaner | D8: 0.49 | E8: 69
C9: 12V 19500rpm Handheld Electric Angle Grinder Tool - UK - Yellow/Black | D9: 0.27
C10: 13 In 1 Home Repair Tools Box Kit Set | D10: 0.45 | E10: 5
C11: 137 Pieces Cake Decorating Tool Set Baking Supplies | D11: 0.24 | E11: 55
C12: 1PC Refrigerator Food Seal Pocket Fridge Bags | D12: 0.24
C13: 2 Pairs Cowhide Split Leather Work Gloves.32â„‰ Or Above Welding Gloves | D13: 0.02
C14: 220V 60W Electric Soldering Iron Kits With Tools, Tips, And Multimeter | D14: 0.09 | E14: 15
C15: 24 Grid Wall-mounted Sundries Organiser Fabric Closet Bag Storage Rack | D15: 0.01
C16: 2PCS Ice Silk Square Cushion Cover Pillowcases - 65x65cm | D16: 0.5
C17: 2pcs Solar Street Light Flood Light Outdoor | D17: 0.38
C18: 2PCS/LOT Solar LED Outdoor Intelligent Light Controlled Wall Lamp | D18: 0.47
C19: 32PCS Portable Cordless Drill Set With Cyclic Battery Drive -26 Variable Speed | D19: 0.39 | E19: 5
C20: 380ML USB Rechargeable Portable Small Blenders And Juicers | D20: 0.5 | E20: 7
C21: 3D Waterproof EVA Plastic Shower Curtain 1.8*2Mtrs | D21: 0.49 | E21: 44
C22: 3PCS Rotary Scraper Thermomix For Kitchen | D22: 0.43
C23: 3PCS Single Head Knitting Crochet Sweater Needle Set | D23: 0.53 | E23: 13
C24: 4 Piece Coloured Stainless Steel Kitchenware Set | D24: 0.49
C25: 40cm Gold DIY Acrylic Wall Sticker Clock | D25: 0.47 | E25: 12
C26: 4M Float Switch Water Level Controller -Water Tank | D26: 0.49
C27: 4pcs Bathroom/Kitchen Towel Rack,Roll Paper Holder,Towel Bars,Hook | D27: 0.42
C28: 5 Pieces/set Of Stainless Steel Induction Cooker Pots | D28: 0.13 | E28: 6
C29: 52 Pieces Cake Decorating Tool Set Gift Kit Baking Supplies | D29: 0.3 | E29: 20
C30: 53 Pieces/Set Yarn Knitting Crochet Hooks With Bag - Pansies | D30: 0.27 | E30: 32
C31: 53Pcs/Set Yarn Knitting Crochet Hooks With Bag - Fortune Cat | D31: 0.27 | E31: 20
C32: 5m Waterproof Spherical LED String Lights Outdoor Ball Chain Lights Party Lighting Decoration Adjustable | D32: 0.36
C33: 5-PCS Stainless Steel Cooking Pot Set With Steamed Slices | D33: 0.55 | E33: 13
C34: 6 In 1 Bottle Can Opener Multifunctional Easy Opener | D34: 0.64
C35: 6 Layers Steel Pipe Assembling Dustproof Storage Shoe Cabinet | D35: 0.47
C36: 60W Hot Melt Glue Sprayer - Efficient And Stable Glue Dispensing | D36: 0.33
C37: 7PCS Silicone Thumb Knife Finger Protector Vegetable Harvesting Knife | D37: 0.49
C38: 7-piece Set Of Storage Bags, Travel Storage Bags, Shoe Bags | D38: 0.47 | E38: 6
C39: 8in1 Screwdriver With LED Light | D39: 0.42
C40: 9pcs Gas Mask, For Painting, Dust, Formaldehyde Grinding, Polishing | D40: 0.41
C41: Agapeon Toothbrush Holder And Toothpaste Dispenser | D41: 0.45 | E41: 17
C42: Angle Measuring Tool Full Metal Multi Angle Measuring Tool | D42: 0.49
C43: Anti-Skid Absorbent Insulation Coaster For Home Office | D43: 0.51 | E43: 2
C44: Artificial Potted Flowers Room Decorative Flowers (2 Pieces) | D44: 0.45 | E44: 6
C45: Baby Early Education Shape And Color Cognitive Training Toys | D45: 0.49
C46: Balloon Insert, Birthday Party Balloon Set, PU Leather | D46: 0.42
C47: Bedroom Simple Floor Hanging Clothes Rack Single Pole Hat Rack - White | D47: 0.49 | E47: 1
C48: Black Simple Water Cup Wine Coaster Anti Slip Absorbent | D48: 0.47
C49: Brush & Paintbrush Cleaning Tool Pink | D49: 0.5
C50: Car Phone Charging Stand | D50: 0.49
C51: Cartoon Car Decoration Cute Individuality For Car Home Desk | D51: 0.49
C52: Cartoon Embroidered Mini Towel Bear Cotton Wash Cloth Hand 4pcs | D52: 0.34
C53: Christmas Elk Fence Yard Lawn Decorations Cute For Holidays | D53: 0.5
C54: Christmas Fence Garden Decorations Outdoor For Holiday Home | D54: 0.48
C55: Classic Black Cat Cotton Hemp Pillow Case For Home Car | D55: 0.53 | E55: 2
C56: Creative Owl Shape Keychain Black | D56: 0.61
C57: Cushion Silicone Butt Cushion Summer Ice Cushion Honeycomb Gel Cushion | D57: 0.04
C58: Cute Christmas Fence Garden Decorations For Holiday Home | D58: 0.41
C59: Desk Foldable Fan Adjustable Fan Strong Wind 3 Gear Usb | D59: 0.37 | E59: 2
C60: DIY File Folder, Office Drawer File Holder, Pen Holder, Desktop Storage Rack | D60: 0.4 | E60: 1
C61: Electric LED UV Mosquito Killer Lamp, Outdoor/Indoor Fly Killer Trap Light -USB | D61: 0.47 | E61: 7
C62: Electronic Digital Display Vernier Caliper | D62: 0.35 | E62: 49
C63: Exfoliate And Exfoliate Face Towel - Black | D63: 0.52 | E63: 9
C64: Foldable Overbed Table/Desk | D64: 0.23 | E64: 14
C65: Genebre 115 In 1 Screwdriver Repairing Tool Set For IPhone Cellphone Hand Tool | D65: 0.2 | E65: 12
C66: Household Pineapple Peeler Peeler | D66: 0.49 | E66: 1
C67: Intelligent LED Body Sensor Wireless Lighting Night Light USB | D67: 0.52 | E67: 15
C68: Konka Healty Electric Kettle, 24-hour Heat Preservation,1.5L,800W, White | D68: 0.21 | E68: 1
C69: Large Lazy Inflatable Sofa Chairs PVC Lounger Seat Bag | D69: 0.29 | E69: 5
C70: LASA 3 Tier Bamboo Shoe Bench Storage Shelf | D70: 0.54 | E70: 7
... C73: LASA FOLDING TABLE SERVING STAND | D73: 0.55 | E73: 5
C74: LASA Stainless Steel Double Wall Mount Soap Dispenser - 500ml | D74: 0.38
C75: LED Eye Protection Desk Lamp , Study, Reading, USB Fan - Double Pen Holder | D75: 0.48 | E75: 9
C76: LED Romantic Spaceship Starry Sky Projector,Children's Bedroom Night Light-Blue | D76: 0.35 | E76: 6
C77: LED Solar Street Light-fake Camera | D77: 0.34
C78: LED Wall Digital Alarm Clock Study Home 12 / 24H Clock Calendar | D78: 0.19 | E78: 5
C79: Memory Foam Neck Pillow Cover, With Pillow Core - 50*30cm | D79: 0.46 | E79: 1
C80: Metal Decorative Hooks Key Hangers Entryway Wall Hooks Towel Hooks - Home | D80: 0.47 | E80: 14
C81: Metal Wall Clock Silver Dial Crystal Jewelry Round Home Decoration Wall Clock | D81: 0.04
C82: Modern Sofa Throw Pillow Cover-45x45cm-Blue&Red | D82: 0.5
C83: Multifunction Laser Level With Adjustment Tripod | D83: 0.33 | E83: 9
C84: Multifunctional Hanging Storage Box Storage Bag (4 Layers) | D84: 0.43
C85: MultiFunctional Storage Rack Multi-layer Bookshelf | D85: 0.46
C86: Multi-purpose Rice Drainage Basket And Fruit And Vegetable Drainage Sieve | D86: 0.03
C87: Mythco 120COB Solar Wall Ligt With Motion Sensor And Remote Control 3 Modes | D87: 0.54 | E87: 10
C88: Office Chair Lumbar Back Support Spine Posture Correction Pillow Car Cushion | D88: 0.14
C89: Outdoor Portable Water Bottle With Medicine Box - 600ML - Black | D89: 0.11
C90: Peacock Throw Pillow Cushion Case For Home Car | D90: 0.46 | E90: 2
C91: Pen Grips For Kids Pen Grip Posture Correction Tool For Kids | D91: 0.02
C92: Pilates Cloth Bag Waterproof Durable High Capacity Purple | D92: 0.22
C93: Portable Home Small Air Humidifier 3-Speed Fan - Green | D93: 0.26 | E93: 5
C94: Portable Mini Cordless Car Vacuum Cleaner - Blue | D94: 0.25 | E94: 24
C95: Portable Soap Dispenser Kitchen Detergent Press Box Kitchen Tools | D95: 0.02
C96: Portable Wardrobe Nonwoven With 3 Hanging Rods And 6 Storage Shelves | D96: 0.18 | E96: 12
C97: Portable Wine Table With Folding Round Table | D97: 0.48
C98: Punch-free Great Load Bearing Bathroom Storage Rack Wall Shelf-White | D98: 0.41 | E98: 36
C99: Sewing Machine Needle Threader Stitch Insertion Tool Automatic Quick Sewing | D99: 0.48
C100: Shower Cap Wide Elastic Band Cover Reusable Bashroom Cap | D100: 0.02
C101: Shower Nozzle Cleaning Unclogging Needle Mini Crevice Small Hole Cleaning Brush | D101: 0.02
C102: Simple Metal Dog Art Sculpture Decoration For Home Office | D102: 0.45
C103: Thickening Multipurpose Non Stick Easy To Clean Heat Resistant Spoon Pad | D103: 0.02
C104: VIC Wireless Vacuum Cleaner Dual Use For Home And Car 120W High Power Powerful | D104: 0.22 | E104: 16
...

Sheet Scattered Plot Ratings
D4: Product | E4: Max of Ratings | F4: Max of Review
D5: 100 Pcs Crochet Hook Tool Set Knitting Hook Set With Box | E5: 4.7 | F5: 39
D6: 115 Piece Set Of Multifunctional Precision Screwdrivers | E6: 4.5 | F6: 2
D7: 12 Litre Black Insulated Lunch Box | E7: 3.8 | F7: 13
D8: 12 Litre Insulated Lunch Box Grey | E8: 4.7 | F8: 12
D9: 120W Cordless Vacuum Cleaners Handheld Electric Vacuum Cleaner | E9: 2.8 | F9: 69
D10: 12V 19500rpm Handheld Electric Angle Grinder Tool - UK - Yellow/Black
D11: 13 In 1 Home Repair Tools Box Kit Set | E11: 3.8 | F11: 5
D12: 137 Pieces Cake Decorating Tool Set Baking Supplies | E12: 4.6 | F12: 55
D13: 1PC Refrigerator Food Seal Pocket Fridge Bags
D14: 2 Pairs Cowhide Split Leather Work Gloves.32â„‰ Or Above Welding Gloves
D15: 220V 60W Electric Soldering Iron Kits With Tools, Tips, And Multimeter | E15: 4 | F15: 15
D16: 24 Grid Wall-mounted Sundries Organiser Fabric Closet Bag Storage Rack
D17: 2PCS Ice Silk Square Cushion Cover Pillowcases - 65x65cm
D18: 2pcs Solar Street Light Flood Light Outdoor
D19: 2PCS/LOT Solar LED Outdoor Intelligent Light Controlled Wall Lamp
D20: 32PCS Portable Cordless Drill Set With Cyclic Battery Drive -26 Variable Speed | E20: 3 | F20: 5
D21: 380ML USB Rechargeable Portable Small Blenders And Juicers | E21: 2.3 | F21: 7
D22: 3D Waterproof EVA Plastic Shower Curtain 1.8*2Mtrs | E22: 4.6 | F22: 44
D23: 3PCS Rotary Scraper Thermomix For Kitchen
D24: 3PCS Single Head Knitting Crochet Sweater Needle Set | E24: 3.3 | F24: 13
D25: 4 Piece Coloured Stainless Steel Kitchenware Set
D26: 40cm Gold DIY Acrylic Wall Sticker Clock | E26: 4.8 | F26: 12
D27: 4M Float Switch Water Level Controller -Water Tank
D28: 4pcs Bathroom/Kitchen Towel Rack,Roll Paper Holder,Towel Bars,Hook
D29: 5 Pieces/set Of Stainless Steel Induction Cooker Pots | E29: 2.5 | F29: 6
D30: 52 Pieces Cake Decorating Tool Set Gift Kit Baking Supplies | E30: 4.1 | F30: 20
D31: 53 Pieces/Set Yarn Knitting Crochet Hooks With Bag - Pansies | E31: 4.5 | F31: 32
D32: 53Pcs/Set Yarn Knitting Crochet Hooks With Bag - Fortune Cat | E32: 4.7 | F32: 20
D33: 5m Waterproof Spherical LED String Lights Outdoor Ball Chain Lights Party Lighting Decoration Adjustable
D34: 5-PCS Stainless Steel Cooking Pot Set With Steamed Slices | E34: 2.1 | F34: 13
D35: 6 In 1 Bottle Can Opener Multifunctional Easy Opener
D36: 6 Layers Steel Pipe Assembling Dustproof Storage Shoe Cabinet
D37: 60W Hot Melt Glue Sprayer - Efficient And Stable Glue Dispensing
D38: 7PCS Silicone Thumb Knife Finger Protector Vegetable Harvesting Knife
D39: 7-piece Set Of Storage Bags, Travel Storage Bags, Shoe Bags | E39: 2.2 | F39: 6
D40: 8in1 Screwdriver With LED Light
D41: 9pcs Gas Mask, For Painting, Dust, Formaldehyde Grinding, Polishing
D42: Agapeon Toothbrush Holder And Toothpaste Dispenser | E42: 2.6 | F42: 17
D43: Angle Measuring Tool Full Metal Multi Angle Measuring Tool
D44: Anti-Skid Absorbent Insulation Coaster For Home Office | E44: 5 | F44: 2
D45: Artificial Potted Flowers Room Decorative Flowers (2 Pieces) | E45: 2.2 | F45: 6
D46: Baby Early Education Shape And Color Cognitive Training Toys
D47: Balloon Insert, Birthday Party Balloon Set, PU Leather
D48: Bedroom Simple Floor Hanging Clothes Rack Single Pole Hat Rack - White | E48: 5 | F48: 1
D49: Black Simple Water Cup Wine Coaster Anti Slip Absorbent
D50: Brush & Paintbrush Cleaning Tool Pink
D51: Car Phone Charging Stand
D52: Cartoon Car Decoration Cute Individuality For Car Home Desk
D53: Cartoon Embroidered Mini Towel Bear Cotton Wash Cloth Hand 4pcs
D54: Christmas Elk Fence Yard Lawn Decorations Cute For Holidays
D55: Christmas Fence Garden Decorations Outdoor For Holiday Home
D56: Classic Black Cat Cotton Hemp Pillow Case For Home Car | E56: 5 | F56: 2
D57: Creative Owl Shape Keychain Black
D58: Cushion Silicone Butt Cushion Summer Ice Cushion Honeycomb Gel Cushion
D59: Cute Christmas Fence Garden Decorations For Holiday Home
D60: Desk Foldable Fan Adjustable Fan Strong Wind 3 Gear Usb | E60: 4 | F60: 2
D61: DIY File Folder, Office Drawer File Holder, Pen Holder, Desktop Storage Rack | E61: 5 | F61: 1
D62: Electric LED UV Mosquito Killer Lamp, Outdoor/Indoor Fly Killer Trap Light -USB | E62: 2.1 | F62: 7
D63: Electronic Digital Display Vernier Caliper | E63: 4.6 | F63: 49
D64: Exfoliate And Exfoliate Face Towel - Black | E64: 4.3 | F64: 9
D65: Foldable Overbed Table/Desk | E65: 4.4 | F65: 14
D66: Genebre 115 In 1 Screwdriver Repairing Tool Set For IPhone Cellphone Hand Tool | E66: 4.1 | F66: 12
D67: Household Pineapple Peeler Peeler | E67: 4 | F67: 1
D68: Intelligent LED Body Sensor Wireless Lighting Night Light USB | E68: 2.7 | F68: 15
D69: Konka Healty Electric Kettle, 24-hour Heat Preservation,1.5L,800W, White | E69: 5 | F69: 1
D70: Large Lazy Inflatable Sofa Chairs PVC Lounger Seat Bag | E70: 3 | F70: 5
D71: LASA 3 Tier Bamboo Shoe Bench Storage Shelf | E71: 4.3 | F71: 7
... D74: LASA FOLDING TABLE SERVING STAND | E74: 4.8 | F74: 5
D75: LASA Stainless Steel Double Wall Mount Soap Dispenser - 500ml
D76: LED Eye Protection Desk Lamp , Study, Reading, USB Fan - Double Pen Holder | E76: 4.3 | F76: 9
D77: LED Romantic Spaceship Starry Sky Projector,Children's Bedroom Night Light-Blue | E77: 4 | F77: 6
D78: LED Solar Street Light-fake Camera
D79: LED Wall Digital Alarm Clock Study Home 12 / 24H Clock Calendar | E79: 4.6 | F79: 5
D80: Memory Foam Neck Pillow Cover, With Pillow Core - 50*30cm | E80: 3 | F80: 1
D81: Metal Decorative Hooks Key Hangers Entryway Wall Hooks Towel Hooks - Home | E81: 4.1 | F81: 14
D82: Metal Wall Clock Silver Dial Crystal Jewelry Round Home Decoration Wall Clock
D83: Modern Sofa Throw Pillow Cover-45x45cm-Blue&Red
D84: Multifunction Laser Level With Adjustment Tripod | E84: 4.2 | F84: 9
D85: Multifunctional Hanging Storage Box Storage Bag (4 Layers)
D86: MultiFunctional Storage Rack Multi-layer Bookshelf
D87: Multi-purpose Rice Drainage Basket And Fruit And Vegetable Drainage Sieve
D88: Mythco 120COB Solar Wall Ligt With Motion Sensor And Remote Control 3 Modes | E88: 3 | F88: 10
D89: Office Chair Lumbar Back Support Spine Posture Correction Pillow Car Cushion
D90: Outdoor Portable Water Bottle With Medicine Box - 600ML - Black
D91: Peacock Throw Pillow Cushion Case For Home Car | E91: 5 | F91: 2
D92: Pen Grips For Kids Pen Grip Posture Correction Tool For Kids
D93: Pilates Cloth Bag Waterproof Durable High Capacity Purple
D94: Portable Home Small Air Humidifier 3-Speed Fan - Green | E94: 4.8 | F94: 5
D95: Portable Mini Cordless Car Vacuum Cleaner - Blue | E95: 4.6 | F95: 24
D96: Portable Soap Dispenser Kitchen Detergent Press Box Kitchen Tools
D97: Portable Wardrobe Nonwoven With 3 Hanging Rods And 6 Storage Shelves | E97: 3.8 | F97: 12
D98: Portable Wine Table With Folding Round Table
D99: Punch-free Great Load Bearing Bathroom Storage Rack Wall Shelf-White | E99: 4.3 | F99: 36
D100: Sewing Machine Needle Threader Stitch Insertion Tool Automatic Quick Sewing
D101: Shower Cap Wide Elastic Band Cover Reusable Bashroom Cap
D102: Shower Nozzle Cleaning Unclogging Needle Mini Crevice Small Hole Cleaning Brush
D103: Simple Metal Dog Art Sculpture Decoration For Home Office
D104: Thickening Multipurpose Non Stick Easy To Clean Heat Resistant Spoon Pad
D105: VIC Wireless Vacuum Cleaner Dual Use For Home And Car 120W High Power Powerful | E105: 2.9 | F105: 16
...

Sheet Product perfomance
C3: Product | D3: Max of Discount
C4: Mythco 120COB Solar Wall Ligt With Motion Sensor And Remote Control 3 Modes | D4: 0.54
C5: LASA FOLDING TABLE SERVING STAND | D5: 0.55
C6: LASA 3 Tier Bamboo Shoe Bench Storage Shelf | D6: 0.54
C7: Intelligent LED Body Sensor Wireless Lighting Night Light USB | D7: 0.52
C8: Exfoliate And Exfoliate Face Towel - Black | D8: 0.52
C9: Creative Owl Shape Keychain Black | D9: 0.61
C10: Classic Black Cat Cotton Hemp Pillow Case For Home Car | D10: 0.53
C11: 6 In 1 Bottle Can Opener Multifunctional Easy Opener | D11: 0.64
C12: 5-PCS Stainless Steel Cooking Pot Set With Steamed Slices | D12: 0.55
C13: 3PCS Single Head Knitting Crochet Sweater Needle Set | D13: 0.53
C14: Grand Total | D14: 0.64
C35: Row Labels | D35: Max of Review
C36: 100 Pcs Crochet Hook Tool Set Knitting Hook Set With Box | D36: 39
C37: 120W Cordless Vacuum Cleaners Handheld Electric Vacuum Cleaner | D37: 69
C38: 137 Pieces Cake Decorating Tool Set Baking Supplies | D38: 55
C39: 3D Waterproof EVA Plastic Shower Curtain 1.8*2Mtrs | D39: 44
C40: 52 Pieces Cake Decorating Tool Set Gift Kit Baking Supplies | D40: 20
C41: 53 Pieces/Set Yarn Knitting Crochet Hooks With Bag - Pansies | D41: 32
C42: 53Pcs/Set Yarn Knitting Crochet Hooks With Bag - Fortune Cat | D42: 20
C43: Electronic Digital Display Vernier Caliper | D43: 49
C44: Portable Mini Cordless Car Vacuum Cleaner - Blue | D44: 24
C45: Punch-free Great Load Bearing Bathroom Storage Rack Wall Shelf-White | D45: 36
C46: Grand Total | D46: 69

Sheet Top 5 Highest
C4: Row Labels | D4: Max of Ratings
C5: Anti-Skid Absorbent Insulation Coaster For Home Office | D5: 5
C6: Bedroom Simple Floor Hanging Clothes Rack Single Pole Hat Rack - White | D6: 5
C7: Classic Black Cat Cotton Hemp Pillow Case For Home Car | D7: 5
C8: DIY File Folder, Office Drawer File Holder, Pen Holder, Desktop Storage Rack | D8: 5
C9: Konka Healty Electric Kettle, 24-hour Heat Preservation,1.5L,800W, White | D9: 5
C10: LASA Aluminum Folding Truck Hand Cart - 68kg Max | D10: 5
C11: Peacock Throw Pillow Cushion Case For Home Car | D11: 5
C12: Grand Total | D12: 5

Sheet Range slicer
C3: Row Labels | D3: Average of Ratings | E3: Count of Review
C4: High Discount | D4: 3.6133333 | E4: 30
C5: Low Discount | D5: 3.8 | E5: 5
C6: Medium Discount | D6: 4.2761905 | E6: 21
C7: Grand Total | D7: 3.8785714 | E7: 56
E33: Row Labels | F33: Count of Product
E34: 0 - 1000 | F34: 55
E35: 1000 - 2000 | F35: 36
E36: 2000 - 4000 | F36: 17
E37: Grand Total | F37: 108

Sheet DASHBOARD
AM39: Discount | AN39: Review | AU39: Ratings | AV39: Review
AM40: ='Scattered Helper Discount'!D4 -> 0.34 | AN40: ='Scattered Helper Discount'!E4 -> 39 | AU40: ='Scattered Plot Ratings'!E5 -> 4.7 | AV40: ='Scattered Plot Ratings'!F5 -> 39
AM41: ='Scattered Helper Discount'!D5 -> 0.38 | AN41: ='Scattered Helper Discount'!E5 -> 2 | AU41: ='Scattered Plot Ratings'!E6 -> 4.5 | AV41: ='Scattered Plot Ratings'!F6 -> 2
AM42: ='Scattered Helper Discount'!D6 -> 0.32 | AN42: ='Scattered Helper Discount'!E6 -> 13 | AU42: ='Scattered Plot Ratings'!E7 -> 3.8 | AV42: ='Scattered Plot Ratings'!F7 -> 13
AM43: ='Scattered Helper Discount'!D7 -> 0.34 | AN43: ='Scattered Helper Discount'!E7 -> 12 | AU43: ='Scattered Plot Ratings'!E8 -> 4.7 | AV43: ='Scattered Plot Ratings'!F8 -> 12
AM44: ='Scattered Helper Discount'!D8 -> 0.49 | AN44: ='Scattered Helper Discount'!E8 -> 69 | AU44: ='Scattered Plot Ratings'!E9 -> 2.8 | AV44: ='Scattered Plot Ratings'!F9 -> 69
AM45: ='Scattered Helper Discount'!D9 -> 0.27 | AN45: ='Scattered Helper Discount'!E9 -> 0 | AU45: ='Scattered Plot Ratings'!E10 -> 0 | AV45: ='Scattered Plot Ratings'!F10 -> 0
AM46: ='Scattered Helper Discount'!D10 -> 0.45 | AN46: ='Scattered Helper Discount'!E10 -> 5 | AU46: ='Scattered Plot Ratings'!E11 -> 3.8 | AV46: ='Scattered Plot Ratings'!F11 -> 5
AM47: ='Scattered Helper Discount'!D11 -> 0.24 | AN47: ='Scattered Helper Discount'!E11 -> 55 | AU47: ='Scattered Plot Ratings'!E12 -> 4.6 | AV47: ='Scattered Plot Ratings'!F12 -> 55
AM48: ='Scattered Helper Discount'!D12 -> 0.24 | AN48: ='Scattered Helper Discount'!E12 -> 0 | AU48: ='Scattered Plot Ratings'!E13 -> 0 | AV48: ='Scattered Plot Ratings'!F13 -> 0
AM49: ='Scattered Helper Discount'!D13 -> 0.02 | AN49: ='Scattered Helper Discount'!E13 -> 0 | AU49: ='Scattered Plot Ratings'!E14 -> 0 | AV49: ='Scattered Plot Ratings'!F14 -> 0
AM50: ='Scattered Helper Discount'!D14 -> 0.09 | AN50: ='Scattered Helper Discount'!E14 -> 15 | AU50: ='Scattered Plot Ratings'!E15 -> 4 | AV50: ='Scattered Plot Ratings'!F15 -> 15
AM51: ='Scattered Helper Discount'!D15 -> 0.01 | AN51: ='Scattered Helper Discount'!E15 -> 0 | AU51: ='Scattered Plot Ratings'!E16 -> 0 | AV51: ='Scattered Plot Ratings'!F16 -> 0
... AM147: ='Scattered Helper Discount'!D111 -> 0.43 | AN147: ='Scattered Helper Discount'!E111 -> 5 | AU147: ='Scattered Plot Ratings'!E112 -> 3 | AV147: ='Scattered Plot Ratings'!F112 -> 5
